Tracking Number,Napomena
PX778444235RS,1265
PX778444244RS,1281
PX778444258RS,1158
PX778444261RS,1284
PX778444275RS,1240
PX778444289RS,949
PX778444292RS,1162
PX778444301RS,1304
PX778444315RS,4175
PX778444329RS,1363
PX778444332RS,1302
PX778444346RS,1115
PX778444350RS,1438
PX778444363RS,1413
PX778444377RS,1444
PX778444385RS,1382
PX778444394RS,1407
PX778444403RS,1415
PX778444417RS,1412
PX778444425RS,1301
PX778444434RS,1398
PX778444448RS,1510
PX778444451RS,1426
PX778444465RS,1422
PX778444479RS,1327
PX778444482RS,1489
PX778444496RS,1427
PX778444505RS,1411
PX778444519RS,1458
PX778444522RS,1402
PX778444536RS,1462
PX778444540RS,1445
PX778444553RS,1397
PX778444567RS,1478
PX778444575RS,1453
PX778444584RS,1479
PX778444598RS,1484
PX778444607RS,1304
PX778444615RS,1436
PX778444624RS,1385
PX778444638RS,1504
PX778444641RS,1437
PX778444655RS,1474
PX778444669RS,1449
PX778444672RS,1384
PX778444686RS,1469
PX778444690RS,1482
PX778444709RS,1467
PX778444712RS,1491
PX778444726RS,1326
PX778444730RS,1497
PX778444743RS,1515
PX778444757RS,1493
PX778444765RS,1512
PX778444774RS,1476
PX778444788RS,1511
PX778444791RS,1494
PX778444805RS,1516
PX778444814RS,1509
PX778444828RS,1495
PX778444831RS,1488
PX778444845RS,1496
PX778444859RS,440
PX778444862RS,1473
PX778444876RS,1387
PX778444880RS,1432
PX778444893RS,1459
PX778444902RS,1114
PX778444916RS,523
PX778444920RS,1498
PX778444933RS,1386
PX778444947RS,1507
PX778444955RS,1443
PX778444964RS,1456
PX778444978RS,1499
PX778444981RS,1359
PX778444995RS,1508
PX778445001RS,1399
PX778445015RS,1460
PX778445029RS,1430
PX778445032RS,1368
PX778445046RS,1429
PX778445050RS,1441
PX778445063RS,1461
PX778445077RS,1383
PX778445085RS,1435
PX778445094RS,1532
PX778445103RS,1518
PX778445117RS,1406
PX778445125RS,1341
PX778445134RS,4351
PX778445148RS,1395
PX778445151RS,781
PX778445165RS,1393
PX778445179RS,4371
PX778445182RS,1324
PX778445196RS,1502
PX778445205RS,1514
PX778445219RS,1389
PX778445222RS,1487
PX778445236RS,1505
PX778445240RS,1401
PX778445253RS,1258
PX778445267RS,1468
PX778445275RS,1539
PX778445284RS,1420
